Acclamation,FirstReading,Psalm,SecondReading,Date,Gospel,Day
,Numbers 6:22-27,"Psalms 67:2-3, 5-6, 8",Galatians 4:4-7,1/1/2017,Luke 2:16-21,"Octave Day of Christmas:  Solemnity of the Blessed Virgin Mary, the Mother of God"
,1 John 2:22-28,Psalms 98:1-4,,1/2/2017,John 1:19-28,"Saints Basil the Great and Gregory Nazianzen, Bishops and Doctors (Memorial)"
,Philippians 2:5-11,Psalms 113:1-8,,1/3/2017,Matthew 1:18-23,The Most Holy Name of Jesus (Memorial)
,1 John 3:7-10,"Psalms 98:1, 7-9",,1/4/2017,John 1:35-42,St. Elizabeth Ann Seton (Memorial)
,1 John 3:11-21,Psalms 100:1-5,,1/5/2017,John 1:43-51,"St. John Neumann, Bishop (Memorial)"
,1 John 5:5-13,"Psalms 147:12-15, 19-20",,1/6/2017,Mark 1:7-11,"St. Andre Bessette, Religious (Optional Memorial)"
,1 John 5:14-21,"Psalms 149:1-6, 9",,1/7/2017,John 2:1-11,Saturday before Epiphany
,Isaiah 60:1-6,"Psalms 72:1-2, 7-8, 10-13","Ephesians 3:2-3, 5-6",1/8/2017,Matthew 2:1-12,The Epiphany of the Lord (Solemnity)
,"Isaiah 42:1-4, 6-7","Psalms 29:1-4, 3, 9-10",Acts 10:34-38,1/9/2017,Matthew 3:13-17,The Baptism of the Lord (Feast)
,Hebrews 2:5-12,"Psalms 8:2, 5-9",,1/10/2017,Mark 1:21-28,Weekday
,Hebrews 2:14-18,"Psalms 105:1-4, 6-9",,1/11/2017,Mark 1:29-39,Weekday
,Hebrews 3:7-14,Psalms 95:6-11,,1/12/2017,Mark 1:40-45,"St. Bernard of Corleone, Religious (Memorial)"
,"Hebrews 4:1-5, 11","Psalms 78:3, 4, 6-8",,1/13/2017,Mark 2:1-12,Weekday
,Hebrews 4:12-16,"Psalms 19:8-10, 15",,1/14/2017,Mark 2:13-17,Saturday Memorial of the Blessed Virgin Mary
,"Isaiah 49:3, 5-6","Psalms 40:2, 4, 7-10",1 Corinthians 1:1-3,1/15/2017,John 1:29-34,Second Sunday in Ordinary Time
,Hebrews 5:1-10,Psalms 110:1-4,,1/16/2017,Mark 2:18-22,"St. Berard, OFM, Priest and Companions, Protomartyrs (Memorial)"
,Hebrews 6:10-20,"Psalms 111:1-2, 4-5, 9-10",,1/17/2017,Mark 2:23-28,"St. Anthony, Abbot (Memorial)"
,"Hebrews 7:1-3, 15-17",Psalms 110:1-4,,1/18/2017,Mark 3:1-6,Weekday
,Hebrews 7:25--8:6,"Psalms 40:7-10, 17",,1/19/2017,Mark 3:7-12,Weekday
,Hebrews 8:6-13,"Psalms 85:8, 10-14",,1/20/2017,Mark 3:13-19,Weekday
,"Hebrews 9:2-3, 11-14","Psalms 47:2-3, 6-9",,1/21/2017,Mark 3:20-21,"St. Agnes, Virgin, Martyr (Memorial)"
,Isaiah 8:23--9:3,"Psalms 27:1, 4, 13-14","1 Corinthians 1:10-13, 17",1/22/2017,Matthew 4:12-23,Third Sunday in Ordinary Time
,"Hebrews 9:15, 24-28",Psalms 98:1-6,,1/23/2017,Mark 3:22-30,Day of Prayer for the Legal Protection of Unborn Children
,Hebrews 10:1-10,"Psalms 40:2, 4, 7-8, 10-11",,1/24/2017,Mark 3:31-35,"St. Francis de Sales, Bishop, Doctor of the Church (Memorial)"
,Acts 22:3-16,Acts 9:1-22,,1/25/2017,Psalms 117:1-2,"The Conversion of St. Paul, Apostle (Feast)"
,2 Timothy 1:1-8,Titus 1:1-5,,1/26/2017,"Psalms 96:1-3, 7-8, 10","Saints Timothy and Titus, Bishops (Memorial)"
,Hebrews 10:32-39,"Psalms 37:3-6, 23-24, 39-40",,1/27/2017,Mark 4:26-34,Weekday
,"Hebrews 11:1-2, 8-19",Luke 1:69-75,,1/28/2017,Mark 4:35-41,"St. Thomas Aquinas, Priest, Doctor of the Church (Memorial)"
,Zephaniah 2:3; 3:12-13,Psalms 146:6-10,1 Corinthians 1:26-31,1/29/2017,Matthew 5:1-12,Fourth Sunday in Ordinary Time
,Hebrews 11:32-40,Psalms 31:20-24,,1/30/2017,Mark 5:1-20,"St. Hyacinth Marescotti, Virgin (Memorial)"
,Hebrews 12:1-4,"Psalms 22:26-28, 30-32",,1/31/2017,Mark 5:21-43,"St. John Bosco, Priest (Memorial)"
,"Hebrews 12:4-7, 11-15","Psalms 103:1-2, 13-14, 17-18",,2/1/2017,Mark 6:1-6,Weekday
,Malachi 3:1-4,Psalms 24:7-10,Hebrews 2:14-18,2/2/2017,Luke 2:22-40,The Presentation of the Lord (Feast)
,Hebrews 13:1-8,"Psalms 27:1, 3, 5, 8-9",,2/3/2017,Mark 6:14-29,"St. Blaise, Bishop and Martyr (Optional Memorial)"
,"Hebrews 13:15-17, 20-21",Psalms 23:1-6,,2/4/2017,Mark 6:30-34,"St. Joseph of Leonessa, Capuchin, Priest (Memorial)"
,Isaiah 58:7-10,Psalms 112:4-9,1 Corinthians 2:1-5,2/5/2017,Matthew 5:13-16,Fifth Sunday in Ordinary Time
,Genesis 1:1-19,"Psalms 104:1-2, 5-6, 10, 12, 24, 35",,2/6/2017,Mark 6:53-56,"Sts. Peter Baptist, OFM, Paul Miki and Companions, Martyrs (Memorial)"
,Genesis 1:20--2:4,Psalms 8:4-9,,2/7/2017,Mark 7:1-13,"St. Colette of Corbie, Virgin (Memorial)"
,"Genesis 2:4-9, 15-17","Psalms 104:1-2, 27-30",,2/8/2017,Mark 7:14-23,Weekday
,Genesis 2:18-25,Psalms 128:1-5,,2/9/2017,Mark 7:24-30,Weekday
,Genesis 3:1-8,"Psalms 32:1-2, 5-7",,2/10/2017,Mark 7:31-37,"St. Scholastica, Virgin (Memorial)"
,Genesis 3:9-24,"Psalms 90:2-6, 12-13",,2/11/2017,Mark 8:1-10,Our Lady of Lourdes (Optional Memorial)
,Sirach 15:15-20,"Psalms 119:1-2, 4-5, 17-18, 33-34",1 Corinthians 2:6-10,2/12/2017,Matthew 5:17-37,Sixth Sunday in Ordinary Time
,"Genesis 4:1-15, 25","Psalms 50:1, 8, 16-17, 20-21",,2/13/2017,Mark 8:11-13,Weekday
,"Genesis 6:5-8; 7:1-5, 10","Psalms 29:1-4, 3, 9-10",,2/14/2017,Mark 8:14-21,"Saints Cyril, Monk and Methodius, Bishop (Memorial)"
,"Genesis 8:6-13, 20-22","Psalms 116:12-15, 18-19",,2/15/2017,Mark 8:22-26,Weekday
,Genesis 9:1-13,"Psalms 102:16-21, 29, 22-23",,2/16/2017,Mark 8:27-33,Weekday
,Genesis 11:1-9,Psalms 33:10-15,,2/17/2017,Mark 8:34--9:1,Weekday
,Hebrews 11:1-7,"Psalms 145:2-5, 10-11",,2/18/2017,Mark 9:2-13,Saturday Memorial of the Blessed Virgin Mary
,"Leviticus 19:1-2, 17-18","Psalms 103:1-4, 8, 10, 12-13",1 Corinthians 3:16-23,2/19/2017,Matthew 5:38-48,Seventh Sunday in Ordinary Time
,Sirach 1:1-10,"Psalms 93:1-2, 5",,2/20/2017,Mark 9:14-29,Weekday
,Sirach 2:1-11,"Psalms 37:3-4, 18-19, 27-28, 39-40",,2/21/2017,Mark 9:30-37,Weekday
,1 Peter 5:1-4,Psalms 23:1-6,,2/22/2017,Matthew 16:13-19,"The Chair of St. Peter, Apostle (Feast)"
,Sirach 5:1-8,"Psalms 1:1-4, 6",,2/23/2017,Mark 9:41-50,"St. Polycarp, Bishop, Martyr (Memorial)"
,Sirach 6:5-17,"Psalms 119:12, 16, 18, 27, 34-35",,2/24/2017,Mark 10:1-12,Weekday
,Sirach 17:1-15,Psalms 103:13-18,,2/25/2017,Mark 10:13-16,Saturday Memorial of the Blessed Virgin Mary
,Isaiah 49:14-15,"Psalms 62:2-3, 6-9",1 Corinthians 4:1-5,2/26/2017,Matthew 6:24-34,Eighth Sunday in Ordinary Time
,Sirach 17:20-24,"Psalms 32:1-2, 5-7",,2/27/2017,Mark 10:17-27,Weekday
,Sirach 35:1-12,"Psalms 50:5-8, 14, 23",,2/28/2017,Mark 10:28-31,Weekday
,Joel 2:12-18,"Psalms 51:3-6, 12-14, 17",2 Corinthians 5:20--6:2,3/1/2017,"Matthew 6:1-6, 16-18",Ash Wednesday
,Deuteronomy 30:15-20,"Psalms 1:1-4, 6",,3/2/2017,Luke 9:22-25,Thursday after Ash Wednesday
,Isaiah 58:1-9,"Psalms 51:3-6, 18-19",,3/3/2017,Matthew 9:14-15,"St. Katharine Drexel, Virgin (Optional Memorial)"
,Isaiah 58:9-14,Psalms 86:1-6,,3/4/2017,Luke 5:27-32,Saturday after Ash Wednesday
,Genesis 2:7-9; 3:1-7,"Psalms 51:3-6, 12-13, 17",Romans 5:12-19,3/5/2017,"Romans 5:12, 17-19",First Sunday of Lent
,"Leviticus 19:1-2, 11-18","Psalms 19:8-10, 15",,3/6/2017,Matthew 25:31-46,Lenten Weekday
,Isaiah 55:10-11,"Psalms 34:4-7, 16-19",,3/7/2017,Matthew 6:7-15,"Sts. Perpetua and Felicity, Martyrs (Memorial)"
,Jonah 3:1-10,"Psalms 51:3-4, 12-13, 18-19",,3/8/2017,Luke 11:29-32,Lenten Weekday
,"Esther C:12, 14-16, 23-25","Psalms 138:1-3, 7-8",,3/9/2017,Matthew 7:7-12,Lenten Weekday
,Ezekiel 18:21-28,Psalms 130:1-8,,3/10/2017,Matthew 5:20-26,Lenten Weekday
,Deuteronomy 26:16-19,"Psalms 119:1-2, 4-5, 7-8",,3/11/2017,Matthew 5:43-48,Lenten Weekday
,Genesis 12:1-4,"Psalms 33:4-5, 18-20, 22",2 Timothy 1:8-10,3/12/2017,Matthew 17:1-9,Second Sunday of Lent
,Daniel 9:4-10,"Psalms 79:8-9, 11, 13",,3/13/2017,Luke 6:36-38,Lenten Weekday
,"Isaiah 1:10, 16-20","Psalms 50:8-9, 16-17, 21, 23",,3/14/2017,Matthew 23:1-12,Lenten Weekday
,Jeremiah 18:18-20,"Psalms 31:5-6, 14-16",,3/15/2017,Matthew 20:17-28,Lenten Weekday
,Jeremiah 17:5-10,"Psalms 1:1-4, 6",,3/16/2017,Luke 16:19-31,Lenten Weekday
,"Genesis 37:3-4, 12-13, 17-28",Psalms 105:16-21,,3/17/2017,"Matthew 21:33-43, 45-46","St. Patrick, Bishop (Memorial)"
,"Micah 7:14-15, 18-20","Psalms 103:1-4, 9-12",,3/18/2017,"Luke 15:1-3, 11-32",Lenten Weekday
,Exodus 17:3-7,"Psalms 95:1-2, 6-9","Romans 5:1-2, 5-8",3/19/2017,John 4:5-42,Third Sunday of Lent
,"2 Samuel 7:4-5, 12-14, 16","Psalms 89:2-5, 27, 29","Romans 4:13, 16-18, 22",3/20/2017,"Matthew 1:16, 18-21, 24","St. Joseph, Spouse of the Blessed Virgin Mary (Solemnity)"
,"Daniel 3:25, 34-43",Psalms 25:4-9,,3/21/2017,Matthew 18:21-35,Lenten Weekday
,"Deuteronomy 4:1, 5-9","Psalms 147:12-13, 15-16, 19-20",,3/22/2017,Matthew 5:17-19,Lenten Weekday
,Jeremiah 7:23-28,"Psalms 95:1-2, 6-9",,3/23/2017,Luke 11:14-23,Lenten Weekday
,Hosea 14:2-10,"Psalms 81:6-11, 14, 17",,3/24/2017,Mark 12:28-34,Lenten Weekday
,Isaiah 7:10-14; 8:10,Psalms 40:7-11,Hebrews 10:4-10,3/25/2017,Luke 1:26-38,The Annunciation of the Lord (Solemnity)
,"1 Samuel 16:1, 6-7, 10-13",Psalms 23:1-6,Ephesians 5:8-14,3/26/2017,John 9:1-41,Fourth Sunday of Lent
,Wisdom 3:1-9,Psalms 23:1-6,1 John 3:1-2,3/27/2017,John 6:51-58,One Year Anniversary of Mother Angelica's death
,"Ezekiel 47:1-9, 12","Psalms 46:2-3, 5-6, 8-9",,3/28/2017,John 5:1-16,Lenten Weekday
,Isaiah 49:8-15,"Psalms 145:8-9, 13-14, 17-18",,3/29/2017,John 5:17-30,Lenten Weekday
,Exodus 32:7-14,Psalms 106:19-23,,3/30/2017,John 5:31-47,Lenten Weekday
,"Wisdom 2:1, 12-22","Psalms 34:17-21, 23",,3/31/2017,"John 7:1-2, 10, 25-30",Lenten Weekday
,Jeremiah 11:18-20,"Psalms 7:2-3, 9-12",,4/1/2017,John 7:40-53,Lenten Weekday
,Ezekiel 37:12-14,Psalms 130:1-8,Romans 8:8-11,4/2/2017,John 11:1-45,Fifth Sunday of Lent
,"Daniel 13:1-9, 15-17, 19-30, 33-62",Daniel 13:41-62,,4/3/2017,Psalms 23:1-6,Lenten Weekday
,Numbers 21:4-9,"Psalms 102:2-3, 16-21",,4/4/2017,John 8:21-30,Lenten Weekday
,"Daniel 3:14-20, 91-92, 95",Daniel 3:52-56,,4/5/2017,John 8:31-42,Lenten Weekday
,Genesis 17:3-9,Psalms 105:4-9,,4/6/2017,John 8:51-59,Lenten Weekday
,Jeremiah 20:10-13,Psalms 18:2-7,,4/7/2017,John 10:31-42,"St. John Baptist de la Salle, Priest (Memorial)"
,Ezekiel 37:21-28,Jeremiah 31:10-13,,4/8/2017,John 11:45-56,Lenten Weekday
,Isaiah 50:4-7,"Psalms 22:8-9, 17-20, 23-24",Philippians 2:6-11,4/9/2017,Matthew 26:14--27:66,Palm Sunday of the Lord's Passion
,Isaiah 42:1-7,"Psalms 27:1-3, 13-14",,4/10/2017,John 12:1-11,Monday of Holy Week
,Isaiah 49:1-6,"Psalms 71:1-6, 15, 17",,4/11/2017,"John 13:21-33, 36-38",Tuesday of Holy Week
,Isaiah 50:4-9,"Psalms 69:8-10, 21-22, 31, 33-34",,4/12/2017,Matthew 26:14-25,Wednesday of Holy Week
,"Exodus 12:1-8, 11-14","Psalms 116:12-13, 15-18",1 Corinthians 11:23-26,4/13/2017,John 13:1-15,Holy Thursday Evening Mass of the Lord's Supper
,Isaiah 52:13--53:12,"Psalms 31:2, 6, 12-13, 15-17, 25",Hebrews 4:14-16; 5:7-9,4/14/2017,John 18:1--19:42,Friday of the Passion of the Lord (Good Friday)
,Genesis 1:1--2:2,,"Psalms 104:1-2, 5-6, 10, 12-14, 24, 35",4/15/2017,"Psalms 42:3, 5; 43:3-4",Holy Saturday Night:  The Easter Vigil
,"Acts 10:34, 37-43","Psalms 118:1-2, 16-17, 22-23",Colossians 3:1-4,4/16/2017,1 Corinthians 5:6-8,Easter Sunday (Solemnity)
,"Acts 2:14, 22-33","Psalms 16:1-2, 5, 7-11",,4/17/2017,Matthew 28:8-15,Monday in the Octave of Easter
,Acts 2:36-41,"Psalms 33:4-5, 18-20, 22",,4/18/2017,John 20:11-18,Tuesday in the Octave of Easter
,Acts 3:1-10,"Psalms 105:1-4, 6-9",,4/19/2017,Luke 24:13-35,Wednesday in the Octave of Easter
,Acts 3:11-26,"Psalms 8:2, 5-9",,4/20/2017,Luke 24:35-48,Thursday in the Octave of Easter
,Acts 4:1-12,"Psalms 118:1-2, 4, 22-27",,4/21/2017,John 21:1-14,Friday in the Octave of Easter
,Acts 4:13-21,"Psalms 118:1, 14-21",,4/22/2017,Mark 16:9-15,Saturday in the Octave of Easter
,Acts 2:42-47,"Psalms 118:2-4, 13-15, 22-24",1 Peter 1:3-9,4/23/2017,John 20:19-31,Second Sunday of Easter or Divine Mercy Sunday
,"Revelation 3:7-8, 10-12",2 Timothy 2:8-13; 3:10-12,,4/24/2017,Psalms 119:137-144,"St. Fidelis of Sigmaringen, Capuchin, Priest, Martyr (Feast)"
,1 Peter 5:5-14,"Psalms 89:2-3, 6-7, 16-17",,4/25/2017,Mark 16:15-20,"St. Mark, Evangelist (Feast)"
,Acts 5:17-26,Psalms 34:2-9,,4/26/2017,John 3:16-21,Easter Weekday
,Acts 5:27-33,"Psalms 34:2, 9, 17-20",,4/27/2017,John 3:31-36,Easter Weekday
,Acts 5:34-42,"Psalms 27:1, 4, 13-14",,4/28/2017,John 6:1-15,"St. Louis Grignion de Montfort, Priest (Optional Memorial)"
,Acts 6:1-7,"Psalms 33:1-2, 4-5, 18-19",,4/29/2017,John 6:16-21,"St. Catherine of Siena, Virgin, Doctor of the Church (Memorial)"
,"Acts 2:14, 22-33","Psalms 16:1-2, 5, 7-11",1 Peter 1:17-21,4/30/2017,Luke 24:13-35,Third Sunday of Easter
,Genesis 1:26--2:3,"Colossians 3:14-15, 17, 23-24",,5/1/2017,"Psalms 90:2-4, 12-14, 16",St. Joseph the Worker (Optional Memorial)
,Acts 7:51--8:1,"Psalms 31:3-4, 6-8, 17, 21",,5/2/2017,John 6:30-35,"St. Athanasius, Bishop, Doctor of the Church (Memorial)"
,1 Corinthians 15:1-8,Psalms 19:2-5,,5/3/2017,John 14:6-14,"Saints Philip and James, Apostles (Feast)"
,Acts 8:26-40,"Psalms 66:8-9, 16-17, 20",,5/4/2017,John 6:44-51,Easter Weekday
,Acts 9:1-20,Psalms 117:1-2,,5/5/2017,John 6:52-59,Easter Weekday
,Acts 9:31-42,Psalms 116:12-17,,5/6/2017,John 6:60-69,Easter Weekday
,"Acts 2:14, 36-41",Psalms 23:1-6,1 Peter 2:20-25,5/7/2017,John 10:1-10,Fourth Sunday of Easter
,Acts 11:1-18,Psalms 42:2-3; 43:3-4,,5/8/2017,John 10:11-18,Easter Weekday
,Acts 11:19-26,Psalms 87:1-7,,5/9/2017,John 10:22-30,Easter Weekday
,Acts 12:24--13:5,"Psalms 67:2-3, 5-6, 8",,5/10/2017,John 12:44-50,"St. Damien de Veuster (of Molokai), Priest (Optional Memorial)"
,Acts 13:13-25,"Psalms 89:2-3, 21-22, 25, 27",,5/11/2017,John 13:16-20,"St. Ignatius of Laconi, Religious (Memorial)"
,Acts 13:26-33,Psalms 2:6-11,,5/12/2017,John 14:1-6,"St. Leopold Mandic, Capuchin, Priest (Memorial)"
,Acts 13:44-52,Psalms 98:1-4,,5/13/2017,John 14:7-14,Our Lady of Fatima (Optional Memorial)
,Acts 6:1-7,"Psalms 33:1-2, 4-5, 18-19",1 Peter 2:4-9,5/14/2017,John 14:1-12,Fifth Sunday of Easter
,Acts 14:5-18,"Psalms 115:1-4, 15-16",,5/15/2017,John 14:21-26,Saint Isidore the Farmer (Optional Memorial)
,Acts 14:19-28,"Psalms 145:10-13, 21",,5/16/2017,John 14:27-31,"St. Margaret of Cortona, III Order (Memorial)"
,Acts 15:1-6,Psalms 122:1-5,,5/17/2017,John 15:1-8,"St. Paschal Baylon, OFM, Religious (Memorial)"
,Acts 2:44-47,Colossians 3:12-17,,5/18/2017,Psalms 131:1-3,"St. Felix Porri of Cantalice, Capuchin, Religious (Feast)"
,Acts 15:22-31,"Psalms 57:8-10, 12",,5/19/2017,John 15:12-17,"St. Crispin of Viterbo, Religious (Memorial)"
,Acts 16:1-10,"Psalms 100:1-3, 5",,5/20/2017,John 15:18-21,"St. Bernardine of Siena, OFM Priest (Memorial)"
,"Acts 8:5-8, 14-17","Psalms 66:1-7, 16, 20",1 Peter 3:15-18,5/21/2017,John 14:15-21,Sixth Sunday of Easter
,Acts 16:11-15,"Psalms 149:1-6, 9",,5/22/2017,John 15:26--16:4,"St. Rita of Cascia, Religious (Optional Memorial)"
,Acts 16:22-34,"Psalms 138:1-3, 7-8",,5/23/2017,John 16:5-11,Easter Weekday
,Revelation 21:1-5,Psalms 95:1-7,,5/24/2017,John 10:22-30,Dedication of the Basilica of Saint Francis of Assisi (Feast)
,Acts 18:1-8,Psalms 98:1-4,,5/25/2017,John 16:16-20,Easter Weekday
,Acts 18:9-18,Psalms 47:2-7,,5/26/2017,John 16:20-23,"St. Philip Neri, Priest (Memorial)"
,Acts 18:23-28,"Psalms 47:2-3, 8-10",,5/27/2017,John 16:23-28,Easter Weekday
,Acts 1:1-11,"Psalms 47:2-3, 6-9",Ephesians 1:17-23,5/28/2017,Matthew 28:16-20,The Ascension of the Lord (Solemnity)
,Acts 19:1-8,Psalms 68:2-7,,5/29/2017,John 16:29-33,Memorial Day
,Acts 20:17-27,"Psalms 68:10-11, 20-21",,5/30/2017,John 17:1-11,"St. Joan of Arc, Virgin, Martyr (Optional Memorial)"
,Zephaniah 3:14-18,Romans 12:9-16,,5/31/2017,Isaiah 12:2-6,The Visitation of the Blessed Virgin Mary (Feast)
,Acts 22:30; 23:6-11,"Psalms 16:1-2, 5, 7-11",,6/1/2017,John 17:20-26,"St. Justin, Martyr (Memorial)"
,Acts 25:13-21,"Psalms 103:1-2, 11-12, 19-20",,6/2/2017,John 21:15-19,Easter Weekday
,"Acts 28:16-20, 30-31","Psalms 11:4-5, 7",,6/3/2017,John 21:20-25,"Sts. Charles Lwanga and Companions, Martyrs (Memorial)"
,Acts 2:1-11,"Psalms 104:1, 24, 29-31, 34","1 Corinthians 12:3-7, 12-13",6/4/2017,John 20:19-23,Pentecost Sunday (Solemnity)
,Tobit 1:3; 2:1-8,Psalms 112:1-6,,6/5/2017,Mark 12:1-12,"St. Boniface, Bishop, Martyr (Memorial)"
,Tobit 2:9-14,"Psalms 112:1-2, 7-9",,6/6/2017,Mark 12:13-17,Weekday
,"Tobit 3:1-11, 16-17",Psalms 25:2-9,,6/7/2017,Mark 12:18-27,Weekday
,"Tobit 6:10-11; 7:1, 9-17; 8:4-9",Psalms 128:1-5,,6/8/2017,Mark 12:28-34,Weekday
,Tobit 11:5-17,"Psalms 146:1-2, 6-10",,6/9/2017,Mark 12:35-37,Weekday
,"Tobit 12:1, 5-15, 20","Tobit 13:2, 6-8",,6/10/2017,Mark 12:38-44,Saturday Memorial of the Blessed Virgin Mary
,"Exodus 34:4-6, 8-9",Daniel 3:52-55,2 Corinthians 13:11-13,6/11/2017,John 3:16-18,The Most Holy Trinity (Solemnity)
,2 Corinthians 1:1-7,Psalms 34:2-9,,6/12/2017,Matthew 5:1-12,Weekday
,Wisdom 7:7-14,"Ephesians 4:7, 11-15",,6/13/2017,"Psalms 40:3-4, 10-11, 17","St. Anthony of Padua, OFM, Priest, Doctor of the Church (Feast)"
,2 Corinthians 3:4-11,Psalms 99:5-9,,6/14/2017,Matthew 5:17-19,Weekday
,"2 Corinthians 3:15--4:1, 3-6",Psalms 85:9-14,,6/15/2017,Matthew 5:20-26,Weekday
,2 Corinthians 4:7-15,"Psalms 116:10-11, 15-18",,6/16/2017,Matthew 5:27-32,Weekday
,2 Corinthians 5:14-21,"Psalms 103:1-4, 9-12",,6/17/2017,Matthew 5:33-37,Saturday Memorial of the Blessed Virgin Mary
,"Deuteronomy 8:2-3, 14-16","Psalms 147:12-15, 19-20",1 Corinthians 10:16-17,6/18/2017,John 6:51-58,The Most Holy Body and Blood of Christ (Solemnity)
,2 Corinthians 6:1-10,Psalms 98:1-4,,6/19/2017,Matthew 5:38-42,Weekday
,2 Corinthians 8:1-9,"Psalms 146:2, 5-9",,6/20/2017,Matthew 5:43-48,Weekday
,2 Corinthians 9:6-11,"Psalms 112:1-4, 9",,6/21/2017,"Matthew 6:1-6, 16-18","St. Aloysius Gonzaga, Religious (Memorial)"
,2 Corinthians 11:1-11,"Psalms 111:1-4, 7-8",,6/22/2017,Matthew 6:7-15,"Saints John Fisher, Bishop, Martyr and Thomas More, Martyr (Optional Memorial)"
,Deuteronomy 7:6-11,"Psalms 103:1-4, 6-7, 8, 10",1 John 4:7-16,6/23/2017,Matthew 11:25-30,The Solemnity of the Most Sacred Heart of Jesus
,Isaiah 49:1-6,"Psalms 139:1-3, 13-15",Acts 13:22-26,6/24/2017,"Luke 1:57-66, 80",The Nativity of St. John the Baptist (Solemnity)
,Jeremiah 20:10-13,"Psalms 69:8-10, 14, 17, 33-35",Romans 5:12-15,6/25/2017,Matthew 10:26-33,Twelfth Sunday in Ordinary Time
,Genesis 12:1-9,"Psalms 33:12-13, 18-20, 22",,6/26/2017,Matthew 7:1-5,"St. Josemaria Escriva de Balaguer, Priest (Optional Memorial)"
,"Genesis 13:2, 5-18",Psalms 15:2-5,,6/27/2017,"Matthew 7:6, 12-14",Weekday
,"Genesis 15:1-12, 17-18","Psalms 105:1-4, 6-9",,6/28/2017,Matthew 7:15-20,"St. Irenaeus, Bishop, Martyr (Memorial)"
,Acts 12:1-11,Psalms 34:2-9,"2 Timothy 4:6-8, 17-18",6/29/2017,Matthew 16:13-19,"Saints Peter and Paul, Apostles (Solemnity)"
,"Genesis 17:1, 9-10, 15-22",Psalms 128:1-5,,6/30/2017,Matthew 8:1-4,The First Martyrs of Holy Roman Church (Optional Memorial)
,Genesis 18:1-15,"Luke 1:46-50, 53-55",,7/1/2017,Matthew 8:5-17,"St. Junipero Serra, OFM, Priest (Optional Memorial)"
,"2 Kings 4:8-11, 14-16","Psalms 89:2-3, 16-19","Romans 6:3-4, 8-11",7/2/2017,Matthew 10:37-42,Thirteenth Sunday in Ordinary Time
,Ephesians 2:19-22,Psalms 117:1-2,,7/3/2017,John 20:24-29,"St. Thomas, Apostle (Feast)"
,Isaiah 58:6-11,Psalms 107:2-9,,7/4/2017,Matthew 25:31-46,Independence Day
,"Genesis 21:5, 8-20",Psalms 34:7-13,,7/5/2017,Matthew 8:28-34,Weekday
,Genesis 22:1-19,"Psalms 115:1-6, 8-9",,7/6/2017,Matthew 9:1-8,"St. Maria Goretti, Virgin, Martyr (Optional Memorial)"
,"Genesis 23:1-4, 19; 24:1-8, 62-67",Psalms 106:1-5,,7/7/2017,Matthew 9:9-13,Votive Mass of the Sacred Heart
,"Genesis 27:1-5, 15-29",Psalms 135:1-6,,7/8/2017,Matthew 9:14-17,"St. Gregory Grassi, Bishop and Companions, Martyrs (Optional Memorial)"
,Zechariah 9:9-10,"Psalms 145:1-2, 8-11, 13-14","Romans 8:9, 11-13",7/9/2017,Matthew 11:25-30,Fourteenth Sunday in Ordinary Time
,"2 Corinthians 4:6-11, 16, 17","Psalms 59:2, 10, 17-18",,7/10/2017,Matthew 16:24-27,"St. Veronica Giuliani, Virgin (Feast)"
,Genesis 32:23-33,"Psalms 17:1-3, 6-7, 8, 15",,7/11/2017,Matthew 9:32-38,"St. Benedict, Abbot (Memorial)"
,"Genesis 41:55-57; 42:5-7, 17-24","Psalms 33:2-3, 10-11, 18-19",,7/12/2017,Matthew 10:1-7,Weekday
,"Genesis 44:18-21, 23-29; 45:1-5",Psalms 105:16-21,,7/13/2017,Matthew 10:7-15,Weekday
,"Genesis 46:1-7, 28-30","Psalms 37:3-4, 18-19, 27-28, 39-40",,7/14/2017,Matthew 10:16-23,"St. Kateri Tekakwitha, Virgin (Memorial)"
,"Wisdom 8:2-7, 16-18",1 Corinthians 2:6-13,,7/15/2017,"Psalms 16:5-9, 11","St. Bonaventure, Bishop, Doctor of the Church (Feast)"
,Isaiah 55:10-11,Psalms 65:10-14,Romans 8:18-23,7/16/2017,Matthew 13:1-23,Fifteenth Sunday in Ordinary Time
,"Exodus 1:8-14, 22",Psalms 124:1-8,,7/17/2017,Matthew 10:34--11:1,Weekday
,Exodus 2:1-15,"Psalms 69:3, 14, 30-31, 33-34",,7/18/2017,Matthew 11:20-24,Weekday
,"Exodus 3:1-6, 9-12","Psalms 103:1-4, 6-7",,7/19/2017,Matthew 11:25-27,Weekday
,Exodus 3:13-20,"Psalms 105:1, 5, 8-9, 24-27",,7/20/2017,Matthew 11:28-30,Weekday
,Wisdom 8:9-16,2 Corinthians 5:14-21,,7/21/2017,"Psalms 67:2-5, 7-8","St. Lawrence of Brindisi, Priest, Doctor of the Church (Feast)"
,Exodus 12:37-42,"Psalms 136:1, 23-24, 10-15",,7/22/2017,"John 20:1-2, 11-18",St. Mary Magdalene (Feast)
,"Wisdom 12:13, 16-19","Psalms 86:5-6, 9-10, 15-16",Romans 8:26-27,7/23/2017,Matthew 13:24-43,Sixteenth Sunday in Ordinary Time
,Exodus 14:5-18,Exodus 15:1-6,,7/24/2017,Matthew 12:38-42,"St. Sharbel Makhluf, Priest (Optional Memorial)"
,2 Corinthians 4:7-15,Psalms 126:1-6,,7/25/2017,Matthew 20:20-28,"St. James, Apostle (Feast)"
,"Sirach 44:1, 10-15","Psalms 132:11, 13-14, 17-18",,7/26/2017,Matthew 13:16-17,"Saints Joachim and Anne, Parents of the Blessed Virgin Mary (Memorial)"
,"Exodus 19:1-2, 9-11, 16-20",Daniel 3:52-56,,7/27/2017,Matthew 13:10-17,Weekday
,Exodus 20:1-17,Psalms 19:8-11,,7/28/2017,Matthew 13:18-23,Votive Mass of the Precious Blood
,Exodus 24:3-8,"Psalms 50:1-2, 5-6, 14-15",,7/29/2017,John 11:19-27,St. Martha (Memorial)
,"1 Kings 3:5, 7-12","Psalms 119:57, 72, 76-77, 127-130",Romans 8:28-30,7/30/2017,Matthew 13:44-52,Seventeenth Sunday in Ordinary Time
,"Exodus 32:15-24, 30-34",Psalms 106:19-23,,7/31/2017,Matthew 13:31-35,"St. Ignatius of Loyola, Priest (Memorial)"
,"Exodus 33:7-11; 34:5-9, 28",Psalms 103:6-13,,8/1/2017,Matthew 13:36-43,"St. Alphonsus Liguori, Bishop, Doctor of the Church (Memorial)"
,"Sirach 24:1-4, 16, 22-24","Psalms 34:5, 7, 9-10, 18-19",Galatians 4:3-7,8/2/2017,Luke 1:26-33,Our Lady of the Angels of Portiuncula (Solemnity)
,"Exodus 40:16-21, 34-38","Psalms 84:3-6, 8, 11",,8/3/2017,Matthew 13:47-53,Weekday
,"Leviticus 23:1, 4-11, 15-16, 27, 34-37","Psalms 81:3-6, 10-11",,8/4/2017,Matthew 13:54-58,"St. John Mary Vianney, Priest (Memorial)"
,"Leviticus 25:1, 8-17","Psalms 67:2-3, 5, 7-8",,8/5/2017,Matthew 14:1-12,Dedication of the Basilica of Saint Mary Major in Rome (Optional Memorial)
,"Daniel 7:9-10, 13-14","Psalms 97:1-2, 5-6, 9",2 Peter 1:16-19,8/6/2017,Matthew 17:1-9,The Transfiguration of the Lord (Feast)
,Numbers 11:4-15,Psalms 81:12-17,,8/7/2017,Matthew 14:13-21,Weekday
,2 Timothy 4:1-5,"Psalms 37:3-6, 30-31",,8/8/2017,Matthew 5:13-16,"Holy Father Dominic, Priest, Founder of the Order of Preachers (Feast)"
,"Numbers 13:1-2, 25--14:1, 26-29, 34-35","Psalms 106:6-7, 13-14, 21-23",,8/9/2017,Matthew 15:21-28,"St. Teresa Benedicta of the Cross (Edith Stein), Virgin and Martyr (Optional Memorial)"
,2 Corinthians 9:6-10,"Psalms 112:1-2, 5-9",,8/10/2017,John 12:24-26,"St. Lawrence, Deacon, Martyr (Feast)"
,"Hosea 2:16, 17, 21-22","2 Corinthians 4:6-10, 16-18",,8/11/2017,"Psalms 45:11-12, 14-16","St. Clare of Assisi, Virgin, Foundress of II Order (Feast)"
,Deuteronomy 6:4-13,"Psalms 18:2-4, 47, 51",,8/12/2017,Matthew 17:14-20,Saturday Memorial of the Blessed Virgin Mary
,"1 Kings 19:9, 11-13",Psalms 85:9-14,Romans 9:1-5,8/13/2017,Matthew 14:22-33,Nineteenth Sunday in Ordinary Time
,1 John 3:13-18,"Psalms 116:10-13, 16-17",,8/14/2017,John 15:12-17,"St. Maximilian Mary Kolbe, Priest, Martyr (Memorial)"
,"Revelation 11:19; 12:1-6, 10","Psalms 45:10-12, 16",1 Corinthians 15:20-27,8/15/2017,Luke 1:39-56,The Assumption of the Blessed Virgin Mary (Solemnity)
,Deuteronomy 34:1-12,"Psalms 66:1-3, 5, 8, 16-17",,8/16/2017,Matthew 18:15-20,Weekday
,"Joshua 3:7-11, 13-17",Psalms 114:1-6,,8/17/2017,Matthew 18:21--19:1,Weekday
,Joshua 24:1-13,"Psalms 136:1-3, 16-18, 21-22, 24",,8/18/2017,Matthew 19:3-12,Weekday
,Joshua 24:14-29,"Psalms 16:1-2, 5, 7-8, 11",,8/19/2017,Matthew 19:13-15,"St. Louis, Bishop (Optional Memorial)"
,"Isaiah 56:1, 6-7","Psalms 67:2-3, 5-6, 8","Romans 11:13-15, 29-32",8/20/2017,Matthew 15:21-28,Twentieth Sunday in Ordinary Time
,Judges 2:11-19,"Psalms 106:34-37, 39-40, 43-44",,8/21/2017,Matthew 19:16-22,"St. Pius X, Pope (Memorial)"
,Isaiah 9:1-6,Psalms 113:1-8,,8/22/2017,Luke 1:26-38,The Queenship of the Blessed Virgin Mary (Memorial)
,Judges 9:6-15,Psalms 21:2-7,,8/23/2017,Matthew 20:1-16,"St. Rose of Lima, Virgin (Optional Memorial)"
,Revelation 21:9-14,"Psalms 145:10-13, 17-18",,8/24/2017,John 1:45-51,"St. Bartholomew, Apostle (Feast)"
,"Ruth 1:1, 3-6, 14-16, 22",Psalms 146:5-10,,8/25/2017,Matthew 22:34-40,"St. Louis IX of France, King, Patron of the Third Order (Memorial)"
,"Ruth 2:1-3, 8-11; 4:13-17",Psalms 128:1-5,,8/26/2017,Matthew 23:1-12,Saturday Memorial of the Blessed Virgin Mary
,Isaiah 22:19-23,"Psalms 138:1-3, 6, 8",Romans 11:33-36,8/27/2017,Matthew 16:13-20,Twenty-First Sunday in Ordinary Time
,"1 Thessalonians 1:1-5, 8-10","Psalms 149:1-6, 9",,8/28/2017,Matthew 23:13-22,"St. Augustine, Bishop, Doctor of the Church (Memorial)"
,Jeremiah 1:17-19,"Psalms 71:1-6, 15, 17",,8/29/2017,Mark 6:17-29,The Passion of St. John the Baptist (Memorial)
,1 Thessalonians 2:9-13,Psalms 139:7-12,,8/30/2017,Matthew 23:27-32,Weekday
,1 Thessalonians 3:7-13,"Psalms 90:3-5, 12-14, 17",,8/31/2017,Matthew 24:42-51,Weekday
,1 Thessalonians 4:1-8,"Psalms 97:1-2, 5-6, 10-12",,9/1/2017,Matthew 25:1-13,Votive Mass of the Sacred Heart
,1 Thessalonians 4:9-11,"Psalms 98:1, 7-9",,9/2/2017,Matthew 25:14-30,Saturday Memorial of the Blessed Virgin Mary
,Jeremiah 20:7-9,"Psalms 63:2-6, 8-9",Romans 12:1-2,9/3/2017,Matthew 16:21-27,Twenty-Second Sunday in Ordinary Time
,"Genesis 2:4-9, 15","Psalms 90:2-5, 12-14, 16",,9/4/2017,Matthew 6:31-34,Labor Day
,"1 Thessalonians 5:1-6, 9-11","Psalms 27:1, 4, 13-14",,9/5/2017,Luke 4:31-37,St. Teresa of Calcutta (Optional Memorial)
,Colossians 1:1-8,Psalms 52:10-11,,9/6/2017,Luke 4:38-44,Weekday
,Colossians 1:9-14,Psalms 98:2-6,,9/7/2017,Luke 5:1-11,Weekday
,Micah 5:1-4,Romans 8:28-30,,9/8/2017,Psalms 13:6,The Nativity of the Blessed Virgin Mary (Feast)
,Colossians 1:21-23,"Psalms 54:3-4, 6, 8",,9/9/2017,Luke 6:1-5,"St. Peter Claver, Priest (Memorial)"
,Ezekiel 33:7-9,"Psalms 95:1-2, 6-9",Romans 13:8-10,9/10/2017,Matthew 18:15-20,Twenty-Third Sunday in Ordinary Time
,Colossians 1:24--2:3,"Psalms 62:6-7, 9",,9/11/2017,Luke 6:6-11,Commemoration of 9/11
,Galatians 4:4-7,"Ephesians 1:3-6, 11-12",,9/12/2017,Luke 1:46-55,The Most Holy Name of Mary (Optional Memorial)
,Colossians 3:1-11,"Psalms 145:2-3, 10-13",,9/13/2017,Luke 6:20-26,"St. John Chrysostom, Bishop, Doctor of the Church (Memorial)"
,Numbers 21:4-9,"Psalms 78:1-2, 34-38",Philippians 2:6-11,9/14/2017,John 3:13-17,Exaltation of the Holy Cross (Feast)
,Hebrews 5:7-9,"Psalms 31:2-6, 15-16, 20",,9/15/2017,John 19:25-27,Our Lady of Sorrows (Memorial)
,1 Timothy 1:15-17,Psalms 113:1-7,,9/16/2017,Luke 6:43-49,"St. Cornelius, Pope, Martyr and St. Cyprian, Bishop, Martyr (Memorial)"
,Sirach 27:30--28:9,"Psalms 103:1-4, 9-12",Romans 14:7-9,9/17/2017,Matthew 18:21-35,Twenty-Fourth Sunday in Ordinary Time
,"1 Corinthians 12:31; 13:1-10, 13","Psalms 25:1-5, 8-10",,9/18/2017,Matthew 11:25-30,"St. Joseph of Cupertino, Priest (Memorial)"
,1 Timothy 3:1-13,"Psalms 101:1-3, 5-6",,9/19/2017,Luke 7:11-17,St. Francis Mary of Camporosso (Memorial)
,1 Timothy 3:14-16,Psalms 111:1-6,,9/20/2017,Luke 7:31-35,"Sts. Andrew Kim Taegon, Priest, Martyr, Paul Chong Hasang, Martyr and Their Companions, Martyrs (Memorial)"
,"Ephesians 4:1-7, 11-13",Psalms 19:2-5,,9/21/2017,Matthew 9:9-13,"St. Matthew, Apostle, Evangelist (Feast)"
,1 Timothy 6:2-12,"Psalms 49:6-10, 17-20",,9/22/2017,Luke 8:1-3,Weekday
,Galatians 2:19-20,"Psalms 16:1-2, 5-8, 11",,9/23/2017,Matthew 16:24-27,"St. Pio of Pietrelcina, Priest (Memorial)"
,Isaiah 55:6-9,"Psalms 145:2-3, 8-9, 17-18","Philippians 1:20-24, 27",9/24/2017,Matthew 20:1-16,Twenty-Fifth Sunday in Ordinary Time
,Ezra 1:1-6,Psalms 126:1-6,,9/25/2017,Luke 8:16-18,Weekday
,"Ezra 6:7-8, 12, 14-20",Psalms 122:1-5,,9/26/2017,Luke 8:19-21,Weekday
,Ezra 9:5-9,"Tobit 13:2-4, 7-8",,9/27/2017,Luke 9:1-6,"St. Vincent de Paul, Priest (Memorial)"
,Haggai 1:1-8,"Psalms 149:1-6, 9",,9/28/2017,Luke 9:7-9,Weekday
,"Daniel 7:9-10, 13-14",Revelation 12:7-12,,9/29/2017,Psalms 138:1-5,"Sts. Michael, Gabriel, and Raphael, Archangels (Feast)"
,"Zechariah 2:5-9, 14-15",Jeremiah 31:10-13,,9/30/2017,Luke 9:43-45,"St. Jerome, Priest, Doctor of the Church (Memorial)"
,Ezekiel 18:25-28,Psalms 25:4-9,Philippians 2:1-11,10/1/2017,Philippians 2:1-5,Twenty-Sixth Sunday in Ordinary Time
,Exodus 23:20-23,"Psalms 91:1-6, 10-11",,10/2/2017,"Matthew 18:1-5, 10",Guardian Angels (Memorial)
,Zechariah 8:20-23,Psalms 87:1-7,,10/3/2017,Luke 9:51-56,Weekday
,"Sirach 50:1, 3-4, 6-7","Psalms 16:1-2, 5, 7-8, 11",Galatians 6:14-18,10/4/2017,Matthew 11:25-30,"St. Francis of Assisi, Deacon, Religious, Founder of the Three Orders (Solemnity)"
,Nehemiah 8:1-12,Psalms 19:8-11,,10/5/2017,Luke 10:1-12,"St. Faustina, Virgin (Optional Memorial)"
,Baruch 1:15-22,"Psalms 79:1-5, 8-9",,10/6/2017,Luke 10:13-16,Votive Mass of the Sacred Heart
,Acts 1:12-14,Luke 1:46-55,,10/7/2017,Luke 1:26-38,Our Lady of the Rosary (Memorial)
,Isaiah 5:1-7,"Psalms 80:9, 12-16, 19-20",Philippians 4:6-9,10/8/2017,Matthew 21:33-43,Twenty-Seventh Sunday in Ordinary Time
,"Jonah 1:1--2:2, 11","Jonah 2:3-5, 8",,10/9/2017,Luke 10:25-37,Weekday
,Jonah 3:1-10,"Psalms 130:1-4, 7-8",,10/10/2017,Luke 10:38-42,Weekday
,Jonah 4:1-11,"Psalms 86:3-6, 9-10",,10/11/2017,Luke 11:1-4,Weekday
,Malachi 3:13-20,"Psalms 1:1-4, 6",,10/12/2017,Luke 11:5-13,"St. Seraphin of Montegranaro, Religious (Memorial)"
,Joel 1:13-15; 2:1-2,"Psalms 9:2-3, 6, 16, 8-9",,10/13/2017,Luke 11:15-26,Weekday
,Joel 4:12-21,"Psalms 97:1-2, 5-6, 11-12",,10/14/2017,Luke 11:27-28,Saturday Memorial of the Blessed Virgin Mary
,Isaiah 25:6-10,Psalms 23:1-6,"Philippians 4:12-14, 19-20",10/15/2017,Matthew 22:1-14,Twenty-Eighth Sunday in Ordinary Time
,Romans 1:1-7,Psalms 98:1-4,,10/16/2017,Luke 11:29-32,"St. Margaret Mary Alacoque, Virgin (Optional Memorial)"
,Romans 1:16-25,Psalms 19:2-5,,10/17/2017,Luke 11:37-41,"St. Ignatius of Antioch, Bishop, Martyr (Memorial)"
,2 Timothy 4:10-17,"Psalms 145:10-13, 17-18",,10/18/2017,Luke 10:1-9,"St. Luke, Evangelist (Feast)"
,Romans 3:21-30,Psalms 130:1-6,,10/19/2017,Luke 11:47-54,"Saints John de Brébeuf and Isaac Jogues, Priests, Martyrs and Companions (Memorial)"
,Romans 4:1-8,"Psalms 32:1-2, 5, 11",,10/20/2017,Luke 12:1-7,Weekday
,"Romans 4:13, 16-18","Psalms 105:6-9, 42-43",,10/21/2017,Luke 12:8-12,Saturday Memorial of the Blessed Virgin Mary
,"Isaiah 45:1, 4-6","Psalms 96:1, 3-5, 7-10",1 Thessalonians 1:1-5,10/22/2017,Matthew 22:15-21,Twenty-Ninth Sunday in Ordinary Time
,Romans 4:20-25,Luke 1:69-75,,10/23/2017,Luke 12:13-21,"St. John of Capistrano, OFM, Priest (Memorial)"
,"Romans 5:12, 15, 17-19, 20-21","Psalms 40:7-10, 17",,10/24/2017,Luke 12:35-38,Weekday
,Romans 6:12-18,Psalms 124:1-8,,10/25/2017,Luke 12:39-48,Weekday
,Romans 6:19-23,"Psalms 1:1-4, 6",,10/26/2017,Luke 12:49-53,Weekday
,Romans 7:18-25,"Psalms 119:66, 68, 76-77, 93-94",,10/27/2017,Luke 12:54-59,Weekday
,Ephesians 2:19-22,Psalms 19:2-5,,10/28/2017,Luke 6:12-16,"Saints Simon and Jude, Apostles (Feast)"
,Exodus 22:20-26,"Psalms 18:2-4, 47, 51",1 Thessalonians 1:5-10,10/29/2017,Matthew 22:34-40,Thirtieth Sunday in Ordinary Time
,Romans 8:12-17,"Psalms 68:2, 4, 6-7, 20-21",,10/30/2017,Luke 13:10-17,Weekday
,Romans 8:18-25,Psalms 126:1-6,,10/31/2017,Luke 13:18-21,Weekday
,"Revelation 7:2-4, 9-14",Psalms 24:1-6,1 John 3:1-3,11/1/2017,Matthew 5:1-12,All Saints (Solemnity)
,Wisdom 3:1-9,"Psalms 27:1, 4, 7-9, 13-14",Romans 5:5-11,11/2/2017,John 11:17-27,The Commemoration of All the Faithful Departed (All Souls)
,Romans 9:1-5,"Psalms 147:12-15, 19-20",,11/3/2017,Luke 14:1-6,"St. Martin de Porres, Religious (Optional Memorial)"
,"Romans 11:1-2, 11-12, 25-29","Psalms 94:12-13, 14-15, 17-18",,11/4/2017,"Luke 14:1, 7-11","St. Charles Borromeo, Bishop (Memorial)"
,"Malachi 1:14--2:2, 8-10",Psalms 131:1-3,"1 Thessalonians 2:7-9, 13",11/5/2017,Matthew 23:1-12,Thirty-First Sunday in Ordinary Time
,Wisdom 3:1-9,Psalms 23:1-6,,11/6/2017,John 6:37-40,Commemoration of All the Deceased of the Seraphic Order (Memorial)
,Romans 12:5-16,Psalms 131:1-3,,11/7/2017,Luke 14:15-24,Weekday
,Romans 13:8-10,"Psalms 112:1-2, 4-5, 9",,11/8/2017,Luke 14:25-33,"Blessed John Duns Scotus, Priest (Optional Memorial)"
,"Ezekiel 47:1-2, 8-9, 12","Psalms 46:2-3, 5-6, 8-9","1 Corinthians 3:9-11, 16-17",11/9/2017,John 2:13-22,The Dedication of the Lateran Basilica (Feast)
,Romans 15:14-21,Psalms 98:1-4,,11/10/2017,Luke 16:1-8,"St. Leo the Great, Pope, Doctor of the Church (Memorial)"
,"Romans 16:3-9, 16, 22-27","Psalms 145:2-5, 10-11",,11/11/2017,Luke 16:9-15,"St. Martin of Tours, Bishop (Memorial)"
,Wisdom 6:12-16,Psalms 63:2-8,1 Thessalonians 4:13-18,11/12/2017,1 Thessalonians 4:13-14,Thirty-Second Sunday in Ordinary Time
,Wisdom 1:1-7,Psalms 139:1-10,,11/13/2017,Luke 17:1-6,"St. Frances Xavier Cabrini, Virgin (Memorial)"
,Wisdom 2:23--3:9,"Psalms 34:2-3, 16-19",,11/14/2017,Luke 17:7-10,"St. Nicholas Tavelic, OFM, Priest, and Companions, Martyrs (Memorial)"
,Wisdom 6:1-11,"Psalms 82:3-4, 6-7",,11/15/2017,Luke 17:11-19,Weekday
,Wisdom 7:22--8:1,"Psalms 119:89-91, 130, 135, 175",,11/16/2017,Luke 17:20-25,Weekday
,"Sirach 26:1-3, 15-18, 24",1 Timothy 5:3-10,,11/17/2017,"Psalms 31:4-5, 8-9, 20, 24-25","St. Elizabeth of Hungary, Patroness of the Third Order (Feast)"
,"Acts 28:11-16, 30-31",Psalms 98:1-6,,11/18/2017,Matthew 14:22-33,Dedication of the Basilica of Saints Peter and Paul (Optional Memorial)
,"Proverbs 31:10-13, 19-20, 30-31",Psalms 128:1-5,1 Thessalonians 5:1-6,11/19/2017,Matthew 25:14-30,Thirty-Third Sunday in Ordinary Time
,"1 Maccabees 1:10-15, 41-43, 54-57, 62-63","Psalms 119:53, 61, 134, 150, 155, 158",,11/20/2017,Luke 18:35-43,Weekday
,2 Maccabees 6:18-31,Psalms 3:2-7,,11/21/2017,Luke 19:1-10,The Presentation of the Blessed Virgin Mary (Memorial)
,"2 Maccabees 7:1, 20-31","Psalms 17:1, 5-6, 8, 15",,11/22/2017,Luke 19:11-28,"St. Cecilia, Virgin, Martyr (Memorial)"
,Sirach 50:22-24,Psalms 138:1-5,1 Corinthians 1:3-9,11/23/2017,Luke 17:11-19,Thanksgiving Day
,"1 Maccabees 4:36-37, 52-59",1 Chronicles 29:10-12,,11/24/2017,Luke 19:45-48,"St. Andrew Dung-Lac, Priest, Martyr and His Companions, Martyrs (Memorial)"
,1 Maccabees 6:1-13,"Psalms 9:2-4, 6, 16, 19",,11/25/2017,Luke 20:27-40,Saturday Memorial of the Blessed Virgin Mary
,"Ezekiel 34:11-12, 15-17","Psalms 23:1-3, 5-6","1 Corinthians 15:20-26, 28",11/26/2017,Matthew 25:31-46,"Our Lord Jesus Christ, King of the Universe (Solemnity)"
,"Daniel 1:1-6, 8-20",Daniel 3:52-56,,11/27/2017,Luke 21:1-4,"St. Francis Anthony Fasani, Priest (Memorial)"
,Daniel 2:31-45,Daniel 3:57-61,,11/28/2017,Luke 21:5-11,"St. James of the March, Priest (Optional Memorial)"
,"Sirach 44:1, 10-15",Psalms 24:1-6,,11/29/2017,Mark 10:17-21,All Saints of the Seraphic Order (Feast)
,Romans 10:9-18,Psalms 19:8-11,,11/30/2017,Matthew 4:18-22,"St. Andrew, Apostle (Feast)"
,Daniel 7:2-14,Daniel 3:75-81,,12/1/2017,Luke 21:29-33,Votive Mass of the Sacred Heart
,Daniel 7:15-27,Daniel 3:82-87,,12/2/2017,Luke 21:34-36,Saturday Memorial of the Blessed Virgin Mary
,,,,,,
,,,,,,
,,,,,,
,,,,,,
,,,,,,
,,,,,,
,,,,,,
,,,,,,
,,,,,,
,,,,,,
,,,,,,
,,,,,,
,,,,,,
,,,,,,
,,,,,,
,,,,,,
,,,,,,
,,,,,,
,,,,,,
,,,,,,
,,,,,,
,,,,,,
,,,,,,
,,,,,,
,,,,,,
,,,,,,
,,,,,,
,,,,,,
,,,,,,
